nb,rank,residual_ranked,residual_change,extracted_pde
5,5,15.33683,7.356748729944229,D_t U =  + -22.696089(D_x U) + -93.948746(D_x^2 U) + 0.195291(U)(U) + 451.104706(D_x U)(D_x^2 U) + 1771.970215(D_x^2 U)(D_x^2 U)
6,4,10.9818125,15.51952064037323,D_t U = -0.095654  + 0.130981(U) + -24.944620(D_x U) + -100.714272(D_x^2 U) + 0.493123(U)(U) + 789.667175(D_x U)(D_x^2 U) + 3314.306152(D_x^2 U)(D_x^2 U)
7,3,12.686137,20.894405245780945,D_t U = -0.080344  + -24.224644(D_x U) + -99.651123(D_x^2 U) + 0.412275(U)(U) + 620.924194(D_x U)(D_x^2 U) + 2590.496582(D_x^2 U)(D_x^2 U)
8,2,36.42041,21.157997846603394,D_t U =  + -9.032982(D_x U)
9,1,16.752995,117.39641427993774,D_t U =  + -21.996775(D_x U) + -92.955254(D_x^2 U)
