nb,rank,residual_ranked,residual_change,extracted_pde
5,5,2.5991774,7.293689250946045,D_t U = -0.142918  + 0.237667(U) + -23.081444(D_x U) + -22.153446(D_x^2 U) + 0.448262(U)(U) + -1.335865(U)(D_x U) + -25.106865(D_x U)(D_x U) + -50.919247(D_x U)(D_x^2 U) + -25.143320(D_x^2 U)(D_x^2 U)
6,4,14.4549055,13.129512965679169,D_t U = -0.088592  + -21.077429(D_x U) + -20.320208(D_x^2 U) + 0.260090(U)(U) + -71.317825(D_x U)(D_x U) + -68.394669(D_x U)(D_x^2 U)
7,3,39.146275,34.465596079826355,D_t U =  + -10.273887(D_x U)
8,2,16.421722,130.37258386611938,D_t U =  + -20.837086(D_x U) + -19.648952(D_x^2 U) + -138.610748(D_x U)(D_x U) + -131.105362(D_x U)(D_x^2 U)
9,1,2.8179736,412.95390129089355,D_t U = -0.138308  + 0.231969(U) + -23.003565(D_x U) + -21.898182(D_x^2 U) + 0.428563(U)(U) + -37.157455(D_x U)(D_x U) + -35.755871(D_x U)(D_x^2 U)
